video_id,title
8fkIXWhFi6U,BUILDING MY OWN CAR IN DESERT
Ud6o69YjK4g,GENDER REVEAL VLOG ğŸ˜
Lb6v6AUFWrM,Squid Game: Season 3 | Official Teaser | Netflix
KGn-erOG-Bs,LAAL PARI (Song): Yo Yo Honey Singh | Sajid Nadiadwala | Tarun Mansukhani | Housefull 5 - 6th June
pZjcskYdO3M,RJ Saurabh || Make Joke Of || MJO || Saurabh Shukla
3Q9Mx3zdsZs,"PM Narendra Modi is â€œBesharamâ€, â€œDarpokâ€ and â€œMust Apologiseâ€ to India for Pahalgam: Satya Pal Malik"
k6SKgtJivn0,Happy Birthday Sundeep Kishan | Jason Sanjay 01 | Thaman S | Subaskaran | Lyca Productions
liSBnsXscf8,"Main Nachdi | Saunkan Saunkanay 2 | Ammy Virk, Sargun M, Nimrat K, Jasmeen, Kaptaan, Desi Crew"
-AAJeoXv2UQ,Baakiyalakshmi | 6th to 9th May 2025 - Promo
w1lSRRcJmNU,License Cancel à®šà¯†à®¯à¯à®¯à®ªà¯à®ªà®Ÿà¯à®Ÿà®¤à¯ Cancel à®šà¯†à®¯à¯à®¯à®ªà¯à®ªà®Ÿà¯à®Ÿà®¤à¯ | Mahaan | Vikram | Dhruv | Bobby Simha
